"species","arbutus-ridge","downtown","dunbar-southlands","fairview","grandview-woodland","hastings-sunrise","kensington-cedar cottage","kerrisdale","killarney","kitsilano","marpole","mount pleasant","oakridge","renfrew-collingwood","riley park","shaughnessy","south cambie","strathcona","sunset","victoria-fraserview","west end","west point grey"
"ABIES",2,1,11,7,4,4,15,5,4,17,9,3,3,24,4,3,4,2,12,5,0,1
"ACERIFOLIA   X",103,123,168,19,63,70,64,59,57,141,48,31,30,81,34,239,45,40,77,82,21,129
"ACUTISSIMA",5,67,23,0,14,47,81,8,8,22,39,18,10,20,8,19,16,12,45,41,12,10
"ALNIFOLIA",16,3,17,6,7,65,13,3,2,16,11,19,5,46,8,5,0,4,20,1,5,1
"AMERICANA",225,50,428,167,208,175,747,340,206,260,162,146,148,168,251,782,166,135,198,293,50,210
"AQUIFOLIUM",3,0,8,1,7,3,13,13,1,20,5,4,1,12,10,14,9,0,17,5,2,7
"ARIA",19,3,22,0,37,33,64,19,35,12,16,6,85,60,21,29,18,6,49,65,0,5
"ARNOLDIANA X",4,0,1,2,0,0,4,1,0,0,0,2,0,0,0,2,0,0,1,0,0,0
"AUCUPARIA",16,2,33,4,7,166,24,28,2,32,28,28,10,62,16,16,7,5,34,76,8,8
"AVIUM",15,0,77,49,5,24,63,21,62,38,28,11,9,26,20,20,31,4,77,11,17,46
"BABYLONICA",2,0,2,2,0,5,3,9,2,6,2,0,1,5,2,0,0,0,1,3,0,0
"BANKSIANA",1,0,5,0,0,0,3,0,0,0,0,2,0,0,0,1,0,0,1,0,0,0
"BETULUS",135,289,42,127,394,550,495,84,328,190,319,265,85,455,287,88,72,176,461,238,108,29
"BIGNONIOIDES",2,0,16,3,17,6,1,5,0,189,0,1,0,3,15,21,0,1,0,0,45,54
"BILOBA",5,68,9,5,18,18,9,3,13,3,4,16,0,21,3,8,3,18,4,12,0,3
"BLIREANA",2,0,5,0,1,6,4,4,2,7,3,0,2,1,3,5,4,1,6,0,1,4
"CALLERYANA",96,123,35,62,82,160,134,14,55,95,83,386,33,232,79,20,9,177,198,64,47,36
"CAMPESTRE",120,147,245,81,164,370,332,70,86,124,94,96,90,312,258,141,108,49,262,222,68,36
"CANADENSIS",11,0,13,1,17,41,43,9,38,12,29,20,0,59,39,15,4,36,28,20,13,28
"CAPPADOCICUM",8,21,20,5,30,16,26,28,10,10,22,19,8,18,6,27,14,2,77,24,18,8
"CARNEA   X",3,0,11,3,16,3,41,5,1,9,3,17,1,28,2,66,1,6,5,4,9,11
"CAROLINIANA",14,4,26,5,6,15,75,6,49,0,17,45,1,32,1,1,1,50,47,14,7,3
"CERASIFERA",895,3,1022,134,165,972,543,629,522,439,610,124,659,956,632,632,191,28,927,1242,255,397
"CINEREA",13,0,0,0,1,0,0,0,0,2,0,2,0,1,1,3,0,0,3,1,0,1
"CIRCINATUM",1,0,3,8,1,3,3,1,49,3,0,5,3,1,3,0,3,2,2,1,0,6
"COCCINEA",2,109,9,5,3,11,31,39,1,25,24,28,5,12,8,2,0,6,5,16,0,11
"CONTORTA",1,0,10,9,0,6,1,3,2,6,4,4,2,16,2,10,0,29,3,2,0,4
"CONTROVERSA",13,0,3,0,0,10,5,3,5,0,13,0,0,3,4,4,1,1,0,1,0,1
"CORDATA",47,60,13,87,44,61,108,25,34,59,27,45,10,130,120,49,1,12,128,38,12,35
"CRUS-GALLI",19,0,11,0,8,68,25,3,0,17,9,6,0,29,19,20,4,3,1,9,3,5
"DAWSONIANA",1,0,0,0,3,0,0,0,0,0,1,0,1,0,0,0,0,0,0,0,0,1
"DECURRENS",1,3,0,0,0,2,3,0,0,5,0,0,2,2,1,6,0,3,0,0,0,1
"DEODARA",10,0,16,8,1,10,9,3,1,31,14,3,16,5,11,14,20,7,18,30,6,11
"DOUGLASII",23,0,0,0,16,2,34,13,7,10,7,6,0,15,14,4,1,5,0,39,1,8
"EUCHLORA   X",55,157,74,98,196,257,321,115,675,428,23,218,38,354,272,72,61,79,311,427,107,85
"EXCELSIOR",45,24,12,23,65,75,190,78,38,48,70,41,58,81,45,30,21,9,76,29,16,50
"FLAVA",2,0,1,0,0,0,0,0,0,2,1,1,0,2,0,0,0,3,0,0,0,2
"FLORIBUNDA",68,4,149,36,89,181,112,121,10,17,107,7,41,257,86,69,65,5,23,98,34,104
"FLORIDA",3,1,5,2,7,17,9,59,4,6,13,1,4,0,1,3,3,2,0,0,2,4
"FREEMANI   X",29,334,93,166,267,315,330,100,276,125,166,317,84,335,172,101,123,56,258,200,239,70
"GERMANICA",6,0,0,0,0,0,0,0,0,8,0,0,0,5,0,0,0,0,0,0,0,0
"GIGANTEUM",15,3,26,1,0,4,2,0,0,13,4,4,5,2,7,11,15,2,0,6,0,14
"GINNALA",5,0,3,1,3,16,97,0,0,2,20,20,18,35,22,1,0,2,4,27,0,0
"GLAUCA",1,0,5,2,3,4,3,0,1,2,0,1,0,1,1,3,0,2,0,0,1,0
"GLYPTOSTROBOIDES",88,0,8,5,3,58,17,11,58,16,11,11,3,8,4,20,31,0,27,19,0,0
"GRANDIFLORA",3,0,0,9,9,0,3,8,0,8,4,2,1,12,12,1,11,2,2,2,3,0
"GRANDIFLORA X",8,0,3,4,10,38,2,6,3,2,19,3,0,14,3,2,0,16,0,0,0,23
"GRANDIS",18,0,2,2,1,5,20,5,0,6,1,3,3,13,4,7,3,1,1,0,0,12
"GRISEUM",52,6,30,2,77,32,42,14,8,5,24,26,2,84,22,7,31,3,18,8,8,10
"HETEROPHYLLA",4,0,8,3,1,10,14,2,2,9,8,1,1,15,7,9,2,3,3,13,0,5
"HIPPOCASTANUM",125,16,270,43,85,93,167,124,3,277,76,221,4,18,61,311,22,11,48,61,80,156
"HOLLANDICA   X",20,0,0,0,0,0,0,0,0,0,0,0,0,0,0,0,0,0,0,0,0,0
"INVOLUCRATA",1,0,10,3,11,2,12,13,1,1,3,19,8,21,13,18,7,0,9,1,21,3
"JAPONICA",35,41,106,54,149,133,148,72,33,153,95,76,17,141,99,153,43,5,54,54,5,79
"JAPONICUM",101,54,162,34,65,186,114,174,114,72,66,146,206,154,34,103,27,11,102,58,25,91
"KOBUS",146,56,48,13,93,238,254,210,132,289,48,36,147,279,141,118,57,14,42,247,10,67
"KOUSA",23,7,35,12,46,148,41,61,78,39,102,45,44,49,20,21,43,47,20,66,7,80
"LAVALLEI  X",20,29,127,33,18,277,146,8,39,32,49,5,31,134,38,75,26,3,102,75,35,38
"LAWSONIANA",14,4,42,8,5,20,44,19,14,44,20,24,20,14,15,26,20,4,14,17,18,12
"LILIIFLORA",3,0,3,1,0,1,1,0,0,0,0,0,1,0,0,3,0,0,2,0,0,3
"MAACKII",6,0,1,0,0,0,1,1,0,0,0,0,0,1,0,2,0,0,1,1,0,0
"MACROCARPA",1,0,30,0,1,2,2,1,0,1,6,0,0,0,5,0,4,0,0,3,0,1
"MACROPHYLLUM",10,1,30,13,2,9,16,81,7,16,17,24,7,6,6,33,2,7,6,8,50,45
"MENZIESII",22,2,50,4,7,28,94,32,39,43,39,11,38,101,31,26,16,6,50,54,0,48
"MERTENSIANA",1,0,0,1,1,0,0,2,0,2,1,0,2,1,0,1,0,0,1,0,0,0
"MORDENSIS",37,5,15,2,41,80,69,20,11,38,21,34,26,96,7,5,33,10,48,48,5,29
"NEGUNDO",4,1,4,0,38,10,8,4,7,10,4,7,8,1,2,10,0,1,38,2,16,8
"NIGRA",30,0,33,28,9,48,28,33,12,22,20,5,17,18,27,4,9,30,11,15,19,23
"NIGRUM",3,0,1,14,2,1,2,21,0,7,0,3,3,4,2,5,1,0,6,0,1,1
"NOOTKATENSIS",4,0,5,0,4,5,6,1,0,21,28,4,37,3,3,3,5,0,5,3,12,12
"NUTTALLII",9,0,37,2,1,14,22,36,80,27,54,1,16,23,22,34,52,0,17,16,0,26
"OCCIDENTALIS",4,0,48,3,4,24,38,2,23,25,9,4,4,63,18,18,0,45,20,24,1,12
"ORIENTALIS",1,1,0,1,0,1,1,0,0,0,4,0,0,1,0,2,0,1,0,0,0,0
"ORNUS",42,18,61,16,61,227,176,17,88,20,90,41,40,83,27,17,18,23,83,142,16,54
"OXYACANTHA",13,0,16,23,18,80,38,29,30,61,36,32,17,59,23,21,10,0,71,69,115,20
"OXYCARPA",146,3,5,25,3,36,124,4,75,31,8,66,32,182,22,4,40,0,42,41,1,18
"PALMATUM",38,6,89,28,66,14,117,8,24,65,55,44,22,152,81,17,13,5,93,38,6,54
"PALUSTRIS",18,164,138,73,57,77,73,158,136,86,79,113,32,96,7,5,25,40,77,139,11,10
"PAPYRIFERA",9,0,12,0,9,2,31,7,1,6,2,4,0,9,3,9,3,0,0,15,0,15
"PENDULA",63,12,143,30,39,15,36,185,33,57,38,34,45,23,47,92,21,12,69,43,160,138
"PENNSYLVANICA",37,4,66,24,92,76,249,68,88,47,141,25,73,124,70,51,82,23,111,129,10,20
"PERSICA",30,88,105,38,148,149,116,67,47,91,113,104,82,236,196,68,6,78,79,88,26,24
"PHAENOPYRUM",26,0,13,0,41,53,53,11,47,20,18,2,0,51,21,37,1,7,16,35,3,10
"PHELLOS",1,8,7,28,18,18,22,22,3,2,23,1,49,32,9,6,28,1,15,16,3,4
"PISIFERA",1,0,2,0,0,9,2,1,1,3,8,1,6,7,3,14,5,0,4,1,1,2
"PLATANOIDES",213,352,1157,357,351,821,673,1062,169,1191,458,383,256,637,492,1139,320,125,626,302,238,700
"PLICATA",16,4,52,11,73,28,145,73,36,78,73,30,65,181,50,70,45,5,21,25,12,33
"PSEUDOACACIA",8,11,45,12,17,65,60,50,5,24,23,43,27,27,14,49,5,4,16,34,15,16
"PSEUDOPLATANUS",103,4,258,111,212,261,79,68,17,213,81,63,10,55,137,123,37,17,41,47,40,113
"PUMILA",7,0,43,3,148,24,33,13,19,23,38,1,13,11,4,16,9,0,22,12,18,7
"QUADRANGULATA",2,0,0,0,0,0,0,0,3,0,0,0,0,0,0,0,0,0,0,0,0,0
"RETICULATA",33,13,33,73,41,154,84,15,95,84,76,53,18,266,12,15,5,21,34,94,11,62
"ROBUR",8,32,196,53,70,80,91,35,44,263,25,85,136,41,130,0,6,22,93,55,15,39
"RUBRA",11,78,243,48,142,147,129,12,101,55,60,28,4,74,25,16,2,91,43,46,51,7
"RUBRUM",229,1053,398,573,473,484,550,293,526,325,349,521,205,574,200,218,195,196,419,245,309,147
"SACCHARINUM",7,23,6,2,15,17,29,14,70,23,6,13,5,3,30,25,0,0,4,0,24,12
"SACCHARUM",4,2,1,12,11,2,11,2,7,9,0,3,1,10,0,21,0,0,1,0,15,4
"SALICINA",29,0,40,4,1,25,15,2,30,7,3,1,9,37,10,2,0,0,54,26,1,5
"SARGENTII",14,50,26,63,187,46,18,11,14,23,39,41,2,23,6,7,1,21,59,30,24,17
"SERRATA",31,0,21,2,14,24,5,41,12,5,23,7,2,51,8,17,2,1,60,23,1,4
"SERRULATA",437,107,966,327,583,528,995,714,429,565,799,947,726,979,820,466,329,187,859,840,383,341
"SIEBOLDII",1,0,2,0,3,1,3,11,0,0,0,0,0,0,0,0,0,0,2,6,0,0
"SIMONII",1,0,0,0,7,0,0,0,1,0,1,0,6,1,4,0,1,0,0,0,2,0
"SPECIES",41,114,79,51,72,130,108,60,16,117,52,92,29,87,72,91,18,30,42,43,54,79
"SPECIOSA",3,0,15,0,1,14,1,24,0,0,1,0,1,1,0,9,0,0,0,1,7,4
"STENOPTERA",1,0,1,0,1,1,0,0,0,0,0,0,0,1,22,2,0,0,0,0,0,0
"STYRACIFLUA",32,176,36,30,42,165,62,35,71,53,93,163,54,56,128,119,56,0,107,62,79,89
"SYLVATICA",139,458,154,191,321,337,509,117,144,246,144,277,111,582,265,51,122,249,321,436,110,94
"SYLVESTRIS",26,0,15,6,2,30,9,8,16,21,6,5,4,7,3,8,7,42,11,0,3,6
"THURINGIACA   X",2,0,0,0,0,1,0,0,0,0,0,0,0,0,0,0,0,0,0,1,0,0
"TRIACANTHOS",80,126,61,118,6,110,61,74,59,80,39,37,84,95,98,98,59,68,114,88,17,50
"TRICHOCARPA",3,0,2,1,4,1,2,6,1,0,0,0,1,11,0,0,0,2,6,1,4,0
"TRUNCATUM",19,84,75,22,105,107,79,115,97,54,97,70,148,116,226,118,59,65,86,75,56,46
"TULIPIFERA",46,184,9,61,35,47,59,5,9,101,22,32,10,61,12,5,1,0,49,19,40,9
"VELUTINA",19,6,0,9,23,23,2,4,5,0,0,0,1,7,3,0,0,5,39,0,8,0
"VIRGINIANA",42,0,59,15,7,15,31,17,22,12,6,11,1,58,11,3,5,10,22,43,6,27
"VULGARIS",1,0,0,0,0,1,1,0,0,2,2,0,2,0,1,1,0,0,1,0,0,0
"WATERERI  X",2,0,10,0,0,14,15,0,1,7,4,1,2,3,0,0,5,0,1,7,8,5
"X YEDOENSIS",69,8,234,41,90,199,128,161,62,89,183,66,71,348,158,88,72,28,116,115,29,104
"XX",70,25,71,23,110,114,112,130,72,65,88,47,112,154,72,28,67,38,103,69,24,75
"ZUMI",129,0,106,32,83,128,134,89,45,78,61,53,26,146,95,80,45,3,102,69,20,85
"BACCATA",0,1,13,3,13,4,18,4,0,1,0,4,1,2,1,24,0,6,4,1,0,3
"CHINENSE",0,67,0,1,1,0,24,0,0,0,14,1,0,10,13,5,0,1,38,4,3,0
"DENUDATA",0,2,3,0,14,9,8,12,3,7,0,1,4,0,6,11,1,1,7,1,1,3
"FLEXILUS",0,2,0,0,0,0,0,0,0,0,0,2,6,0,1,2,3,1,0,0,0,0
"FORTUNEI",0,7,0,0,0,0,1,0,0,1,0,1,0,0,0,0,0,0,0,0,2,0
"FRAINETTO",0,9,3,0,0,4,1,11,7,0,1,1,0,0,1,1,1,3,3,1,1,0
"GRANDIFOLIA",0,2,8,0,0,0,0,0,0,0,0,0,0,8,0,0,0,7,4,0,4,0
"KEWENSIS X",0,4,8,4,7,4,5,8,10,9,2,13,4,10,8,4,2,1,0,2,3,5
"OMORIKA",0,2,5,0,0,5,1,0,0,5,0,1,7,13,3,0,13,0,0,4,0,0
"PENNSYLVANICUM",0,3,16,0,0,1,11,0,0,0,0,10,13,0,0,0,0,0,0,4,2,0
"PSEUDOCAMELLIA",0,4,18,0,8,3,10,3,18,7,0,42,42,25,5,26,9,10,3,2,2,17
"ROBUR X ALBA",0,1,0,0,10,8,0,0,0,0,0,5,1,14,0,4,0,4,3,0,0,0
"SHUMARDII",0,65,0,0,0,0,0,0,0,0,0,2,1,0,0,0,0,0,1,0,0,0
"SUBHIRTELLA",0,3,30,0,24,38,19,17,1,3,14,3,19,42,5,7,14,14,17,15,3,3
"ALBA",0,0,5,0,0,6,1,1,0,3,1,0,1,3,0,0,3,1,0,1,0,0
"ANAGYROIDES",0,0,1,0,0,0,0,0,0,0,0,2,0,0,0,0,0,0,7,0,2,1
"ARAUCANA",0,0,2,0,0,0,0,0,2,4,0,0,1,0,0,1,0,0,0,0,0,0
"ATLANTICA",0,0,1,0,0,8,1,1,0,5,0,0,0,1,1,1,0,0,1,0,0,0
"AVELLANA",0,0,2,0,3,3,0,7,0,0,2,0,0,4,0,5,0,0,0,0,0,1
"BALSAMEA",0,0,1,0,1,2,0,1,0,1,0,0,0,1,0,0,0,1,0,0,0,1
"CARICA",0,0,2,0,1,0,0,0,0,1,1,0,0,0,0,0,0,1,3,0,0,0
"CONCOLOR",0,0,4,0,0,0,0,0,0,0,0,0,1,0,1,2,1,0,0,0,0,1
"CRENATA",0,0,7,0,0,6,43,2,0,0,0,2,2,9,0,5,0,0,5,5,0,0
"DECIDUA",0,0,1,0,0,2,0,0,0,0,0,0,0,0,0,0,3,0,0,6,0,0
"DIOICUS",0,0,10,0,0,4,1,0,5,0,0,0,0,1,5,0,1,0,3,5,2,0
"EUROPAEA   X",0,0,2,0,19,2,0,0,16,0,2,0,0,50,0,2,0,1,0,0,0,39
"EUROPEA",0,0,1,2,1,9,0,0,0,0,0,0,0,0,0,0,0,0,0,0,0,0
"GLABRA",0,0,108,17,34,0,0,0,0,25,2,15,0,0,1,22,18,32,0,0,0,0
"GRIFFITHII",0,0,1,0,0,0,0,0,0,1,0,0,0,0,1,0,0,0,0,0,0,0
"INSIGNIS",0,0,2,0,0,3,0,0,0,4,0,0,0,0,4,1,1,0,0,4,0,0
"LOEBNERI  X",0,0,1,0,0,17,0,0,0,0,0,0,0,0,0,0,0,0,0,0,0,0
"LUTEA",0,0,1,0,0,0,1,0,0,1,2,9,1,0,0,0,0,2,9,8,0,1
"MIYABEI",0,0,1,0,0,1,0,0,0,3,0,0,3,1,5,0,1,0,0,0,4,0
"MONADELPHA",0,0,4,0,0,1,5,1,0,2,8,1,1,7,0,4,3,0,0,0,0,1
"MONTICOLA",0,0,1,1,0,0,0,0,0,7,0,0,1,0,1,0,0,0,0,0,0,0
"MUGO",0,0,4,0,0,0,0,0,0,2,0,0,2,1,0,0,0,0,0,0,0,0
"NORDMANNIANA",0,0,1,0,0,0,0,0,0,0,0,0,0,0,0,0,0,0,0,0,0,0
"OBASSIA",0,0,1,0,0,10,9,2,0,16,1,0,2,14,8,6,0,1,5,6,0,6
"PADUS",0,0,6,1,0,0,0,0,1,1,7,9,0,2,1,0,1,0,0,1,0,3
"PAVIA",0,0,1,0,0,0,0,0,0,10,0,0,1,1,0,0,0,0,0,0,0,0
"PLATYPHYLLA",0,0,2,0,0,0,0,0,0,0,0,0,0,0,0,0,0,0,0,0,0,0
"PLATYPHYLLOS",0,0,5,0,0,6,0,0,0,2,0,0,0,0,0,0,2,0,0,1,0,1
"POPULIFOLIA",0,0,3,0,3,1,5,19,0,3,0,0,0,0,1,2,0,0,10,0,0,8
"PRINUS",0,0,2,0,0,0,0,0,0,0,0,0,0,0,0,1,0,0,1,0,0,3
"PROCERA",0,0,2,0,0,1,0,24,1,4,4,0,0,0,0,21,20,0,0,1,2,0
"PUNGENS",0,0,43,4,2,4,7,3,2,2,4,3,5,5,10,1,5,1,1,1,0,6
"REGIA",0,0,3,1,0,3,3,5,2,4,0,0,0,3,0,1,2,0,0,3,0,3
"RUGOSA",0,0,8,0,2,0,0,3,11,2,1,1,0,1,3,0,0,0,0,0,0,4
"SATIVA",0,0,5,0,2,8,11,1,0,1,0,1,0,1,1,14,0,0,0,4,0,0
"SEROTINA",0,0,2,0,0,8,0,0,0,0,0,0,0,1,24,3,0,1,0,0,0,0
"SOULANGEANA  X",0,0,1,0,0,3,0,2,0,6,0,0,3,1,0,1,0,0,0,0,2,0
"SPECTABILIS",0,0,3,0,0,0,0,3,0,0,0,0,0,0,0,0,0,0,0,0,0,0
"SYRIACA",0,0,3,12,10,35,12,13,2,7,4,6,0,20,3,7,1,0,32,2,9,13
"TEGMENTOSUM",0,0,1,0,0,0,0,0,0,8,0,0,0,0,0,0,0,0,2,0,0,0
"TOMENTOSA",0,0,4,14,0,0,0,0,0,1,0,1,0,0,1,5,0,0,2,0,0,1
"TREMULOIDES",0,0,4,0,0,0,18,0,1,0,0,0,0,16,0,0,0,0,0,1,0,0
"TRILOBA",0,0,3,0,0,0,0,0,0,0,0,0,0,0,0,0,0,0,0,0,0,0
"TYPHINA",0,0,6,2,1,3,1,0,0,1,1,3,0,0,1,0,0,0,0,0,0,3
"YUNNANENSIS",0,0,5,2,3,1,0,2,0,0,0,0,0,0,0,0,0,0,2,1,0,0
"ALBA-SINENSIS",0,0,0,1,0,0,0,0,0,0,0,0,0,0,0,0,0,0,2,0,0,0
"ANTARTICA",0,0,0,1,0,2,2,0,0,1,8,0,0,0,1,1,0,5,0,5,0,0
"BUNGEI",0,0,0,10,0,2,1,0,7,2,6,0,0,0,0,2,1,0,8,0,3,1
"GLABRUM",0,0,0,7,0,1,2,0,0,0,0,0,0,0,6,0,0,0,0,0,0,0
"HENRYI",0,0,0,2,2,0,0,0,0,0,0,0,0,0,0,0,0,0,0,0,0,0
"HYBRIDA X",0,0,0,3,2,14,0,0,0,0,0,0,0,0,0,0,0,0,0,0,0,0
"LUSITANICA",0,0,0,1,29,7,1,6,0,0,0,0,0,2,1,0,0,2,2,0,1,0
"MOLLIS",0,0,0,1,4,0,1,0,0,0,0,0,0,0,3,0,3,0,8,0,0,0
"OFFICINALIS",0,0,0,1,0,0,3,0,0,1,0,0,0,2,0,0,0,1,0,0,0,0
"PANICULATA",0,0,0,3,4,22,0,0,4,1,0,0,0,0,1,0,0,0,0,3,0,0
"PONDEROSA",0,0,0,1,1,7,1,0,4,1,0,1,2,1,1,0,3,0,0,0,0,1
"SEMPREVIRENS",0,0,0,1,0,4,0,0,0,0,0,0,0,1,0,0,0,0,0,1,0,0
"TATARICUM",0,0,0,1,0,3,0,0,1,1,0,3,2,10,3,0,0,0,4,1,1,0
"CAPITATA",0,0,0,0,1,0,0,0,0,0,0,0,0,0,0,0,0,0,0,0,0,0
"COCOMILIA",0,0,0,0,3,0,0,0,0,0,0,0,0,0,0,0,0,0,0,0,0,0
"COMMUNIS",0,0,0,0,3,0,7,1,0,3,1,0,0,2,0,3,0,0,1,0,0,0
"DOMESTICA",0,0,0,0,3,7,0,0,1,2,0,0,0,2,0,2,0,1,1,3,3,0
"ERUBESCENS",0,0,0,0,1,0,0,0,0,0,1,0,0,0,0,1,0,0,0,0,3,0
"JACQUEMONTII",0,0,0,0,1,1,2,16,0,2,10,4,0,29,1,3,0,0,4,1,2,2
"LAEVIS",0,0,0,0,2,0,0,0,0,0,0,0,0,4,0,0,0,0,0,0,0,0
"MAXIMA",0,0,0,0,1,3,0,0,1,2,0,1,0,2,0,0,0,0,1,0,0,2
"MESERVEAE",0,0,0,0,4,0,0,0,0,0,0,0,0,0,0,0,0,0,0,0,0,0
"OBTUSA",0,0,0,0,6,0,1,0,0,2,0,0,2,2,1,7,0,0,1,0,0,0
"OFFICIANALIS",0,0,0,0,6,2,0,0,0,6,0,0,0,12,0,0,0,4,0,0,0,0
"RHAMNOIDES",0,0,0,0,3,0,0,0,0,0,0,0,0,0,0,0,0,0,0,0,0,0
"SINENSIS",0,0,0,0,3,0,0,0,0,0,9,0,0,0,0,0,0,0,0,0,0,0
"SWEETHEART",0,0,0,0,5,0,0,0,0,0,0,0,0,0,0,0,0,0,0,0,0,0
"TRANSITORIA",0,0,0,0,1,1,0,0,0,1,0,0,0,6,0,2,0,0,0,0,0,0
"VILMORINII",0,0,0,0,9,0,0,0,0,0,0,0,0,0,1,0,0,0,0,0,0,0
"ZENII",0,0,0,0,1,0,0,1,0,0,0,0,0,0,0,0,0,0,0,0,0,0
"ARGUTUM",0,0,0,0,0,2,0,0,2,0,1,0,0,1,0,0,1,0,0,0,0,0
"ARMENIACA",0,0,0,0,0,2,0,0,0,0,0,0,0,0,0,0,0,0,0,0,0,0
"CHINENSIS",0,0,0,0,0,24,0,0,0,0,0,0,0,0,0,0,0,10,0,0,0,0
"COLURNA",0,0,0,0,0,1,3,0,6,0,0,0,0,14,0,0,2,0,15,0,10,0
"ELATA",0,0,0,0,0,2,0,0,0,0,0,0,0,0,1,0,0,0,1,0,0,0
"GARRYANA",0,0,0,0,0,2,0,0,0,0,2,0,0,0,0,0,0,0,0,0,0,0
"HILLIERI",0,0,0,0,0,5,0,0,0,0,0,0,0,0,9,0,0,0,24,0,0,0
"LIKIANGENSIS",0,0,0,0,0,4,0,0,0,0,1,0,2,0,1,0,2,0,0,0,0,0
"MAS",0,0,0,0,0,9,0,0,0,0,0,0,0,3,0,0,2,0,0,0,0,12
"MATSUDANA",0,0,0,0,0,1,3,0,0,1,0,0,0,0,1,0,0,0,0,1,0,0
"MICROMALUS   X",0,0,0,0,0,3,0,0,0,0,1,0,0,0,0,0,0,0,0,0,0,0
"MONOGYNA",0,0,0,0,0,27,2,0,2,4,0,0,2,0,5,0,11,0,0,0,0,0
"PARVIFLORA",0,0,0,0,0,3,0,0,0,0,0,0,0,0,0,0,0,0,0,0,0,0
"PURSHIANA",0,0,0,0,0,1,10,0,0,1,0,0,0,0,4,0,0,1,0,0,0,0
"SITCHENSIS",0,0,0,0,0,3,31,0,0,3,0,0,1,34,0,1,0,0,0,0,0,3
"STELLATA",0,0,0,0,0,2,0,0,0,0,0,0,0,1,1,0,0,0,0,0,0,0
"TASHKENTENSIS",0,0,0,0,0,3,0,0,0,0,1,0,0,0,0,0,0,0,0,0,1,0
"THUNBERGII",0,0,0,0,0,2,0,0,0,0,0,0,0,0,0,0,0,0,0,0,0,0
"X WAREI",0,0,0,0,0,11,0,0,3,0,2,0,2,15,0,0,0,0,2,0,0,0
"ANGUSTIFOLIA",0,0,0,0,0,0,8,0,0,0,0,0,0,1,0,0,0,0,0,0,0,0
"ARBOREUM",0,0,0,0,0,0,1,1,0,0,0,0,0,0,0,0,0,0,0,0,0,0
"BARBATUM",0,0,0,0,0,0,3,0,0,0,2,0,0,0,0,0,0,0,0,0,0,0
"CARPINIFOLIA",0,0,0,0,0,0,16,0,0,0,0,0,0,0,0,0,1,0,0,0,0,0
"COLUMA",0,0,0,0,0,0,3,0,0,0,0,0,0,2,0,0,0,0,0,1,0,0
"HUPEHENSIS",0,0,0,0,0,0,2,0,0,2,0,0,0,0,0,0,0,0,0,0,0,0
"NOBILIS",0,0,0,0,0,0,1,0,0,0,0,0,0,0,0,3,0,0,0,0,1,0
"PSEUDOSIEBOLDIANUM",0,0,0,0,0,0,1,0,0,0,0,0,0,0,0,0,0,0,8,0,0,0
"SERRULA",0,0,0,0,0,0,1,0,0,9,0,1,0,0,0,0,0,0,0,0,0,7
"TREMULA",0,0,0,0,0,0,1,1,0,0,1,6,1,0,0,0,0,3,0,0,0,0
"ACUMINATA",0,0,0,0,0,0,0,1,0,3,0,0,0,0,0,0,0,0,1,0,0,1
"ASCENDENS",0,0,0,0,0,0,0,5,0,0,0,0,0,0,0,0,0,0,0,0,0,0
"KOREANA",0,0,0,0,0,0,0,3,0,2,1,0,0,3,0,0,0,0,0,0,0,1
"ULMOIDES",0,0,0,0,0,0,0,1,0,0,0,0,0,0,0,0,6,0,10,0,0,0
"VEITCHII   X",0,0,0,0,0,0,0,1,0,0,0,0,0,0,0,0,0,0,0,0,0,0
"VERTICILLATA",0,0,0,0,0,0,0,1,0,0,0,0,0,0,0,2,0,0,0,0,0,0
"X BIMUNDORUM",0,0,0,0,0,0,0,4,0,0,0,0,0,0,0,0,0,0,0,0,0,0
"GLUTINOSA",0,0,0,0,0,0,0,0,1,0,0,1,0,0,0,0,0,0,0,0,0,0
"LATIFOLIA",0,0,0,0,0,0,0,0,7,0,0,0,0,0,0,0,0,0,0,0,1,0
"ALPINUM",0,0,0,0,0,0,0,0,0,1,0,0,0,0,0,0,0,0,0,0,0,0
"ALTISSIMA",0,0,0,0,0,0,0,0,0,1,0,1,0,1,0,0,0,0,1,0,0,0
"CAPILLIPES",0,0,0,0,0,0,0,0,0,1,0,1,0,11,0,2,1,0,0,0,0,0
"DAVIDII",0,0,0,0,0,0,0,0,0,1,2,16,1,30,0,1,0,0,0,2,1,0
"EMARGINATA",0,0,0,0,0,0,0,0,0,1,0,0,0,0,0,0,0,0,0,0,0,0
"HISPIDA",0,0,0,0,0,0,0,0,0,1,0,0,0,0,0,0,0,1,2,0,0,0
"LASIOCARPA",0,0,0,0,0,0,0,0,0,1,0,0,0,0,0,0,0,0,0,0,0,0
"LEYLANDII",0,0,0,0,0,0,0,0,0,1,0,0,0,0,0,0,0,0,0,0,1,0
"MARIANA",0,0,0,0,0,0,0,0,0,6,0,0,0,0,2,1,0,1,0,0,0,0
"RACEMOSA",0,0,0,0,0,0,0,0,0,2,0,0,0,2,0,0,0,0,0,0,0,0
"SPICATUM",0,0,0,0,0,0,0,0,0,3,0,0,0,0,0,0,0,0,0,0,0,0
"STROBUS",0,0,0,0,0,0,0,0,0,1,0,0,0,0,0,1,0,0,0,0,0,0
"ENGELMANNII",0,0,0,0,0,0,0,0,0,0,2,0,0,0,0,0,0,0,0,0,0,1
"SARGENTIANA",0,0,0,0,0,0,0,0,0,0,4,0,1,0,0,0,0,0,0,0,0,0
"TRICHOTOMUM",0,0,0,0,0,0,0,0,0,0,2,0,0,0,0,0,0,0,0,0,0,0
"ELLIPSOIDALIS",0,0,0,0,0,0,0,0,0,0,0,38,0,0,0,0,0,0,0,0,0,0
"AMURENSE",0,0,0,0,0,0,0,0,0,0,0,0,2,0,0,0,3,0,0,0,0,0
"TIANSHANICA",0,0,0,0,0,0,0,0,0,0,0,0,1,0,2,0,0,0,0,0,0,0
"CANESCENS   X",0,0,0,0,0,0,0,0,0,0,0,0,0,1,0,0,1,0,0,0,0,0
"DENTATA",0,0,0,0,0,0,0,0,0,0,0,0,0,1,1,2,0,0,0,2,1,0
"DISTICHUM",0,0,0,0,0,0,0,0,0,0,0,0,0,1,1,0,3,0,0,0,0,1
"JEFFREYI",0,0,0,0,0,0,0,0,0,0,0,0,0,2,0,0,0,0,0,0,0,0
"SEPTEMLOBUS",0,0,0,0,0,0,0,0,0,0,0,0,0,1,0,0,0,0,0,0,0,0
"MYRSINIFOLIA",0,0,0,0,0,0,0,0,0,0,0,0,0,0,1,0,1,1,0,0,0,0
"UNEDO",0,0,0,0,0,0,0,0,0,0,0,0,0,0,1,0,0,0,0,0,0,0
"CISSIFOLIUM",0,0,0,0,0,0,0,0,0,0,0,0,0,0,0,0,1,0,17,0,1,1
"FRAXINIFOLIA",0,0,0,0,0,0,0,0,0,0,0,0,0,0,0,0,1,0,0,0,1,0
"AILANTHIFOLIA",0,0,0,0,0,0,0,0,0,0,0,0,0,0,0,0,0,1,0,0,2,2
"CYLINDRICA",0,0,0,0,0,0,0,0,0,0,0,0,0,0,0,0,0,2,0,0,0,0
"JULIBRISSIN",0,0,0,0,0,0,0,0,0,0,0,0,0,0,0,0,0,1,0,0,0,0
"SPRENGERI",0,0,0,0,0,0,0,0,0,0,0,0,0,0,0,0,0,1,0,0,0,0
"WILSONII",0,0,0,0,0,0,0,0,0,0,0,0,0,0,0,0,0,2,0,0,0,0
"LENTAGO",0,0,0,0,0,0,0,0,0,0,0,0,0,0,0,0,0,0,5,0,0,0
"OVATA",0,0,0,0,0,0,0,0,0,0,0,0,0,0,0,0,0,0,1,0,0,0
"TRIFOLIATA",0,0,0,0,0,0,0,0,0,0,0,0,0,0,0,0,0,0,1,0,2,0
